z-nummer;vaknaam;klas;studentnummer;naam;voornaam
Z60105;Applicatieontwikkeling in Python;1 C;555274;Vannuffelen;Dries
Z60109;Applicatieontwikkeling in Java;1 B;555274;Vannuffelen;Dries
Z60109;Applicatieontwikkeling in Java;1 F;578811;Berckmans;Myriam 
Z60109;Applicatieontwikkeling in Java;1 B;596001;Ruysen;Jeff
Z60118;Webdesign met HTML 5;1 B;596001;Ruysen;Jeff
Z60105;Applicatieontwikkeling in Python;1 E;639251;Vandeweyer;Lore
Z60109;Applicatieontwikkeling in Java;1 E;639251;Vandeweyer;Lore
Z60116;Data-analyse met SQL;1 E;639251;Vandeweyer;Lore
Z60117;Webdesign basis;1 E;639251;Vandeweyer;Lore
Z60105;Applicatieontwikkeling in Python;1 G;640199;T'Seyen;Stef
Z60109;Applicatieontwikkeling in Java;1 F;640199;T'Seyen;Stef
Z60116;Data-analyse met SQL;1 F;640199;T'Seyen;Stef
Z60117;Webdesign basis;1 G;640199;T'Seyen;Stef
Z60118;Webdesign met HTML 5;1 F;640199;T'Seyen;Stef
Z60105;Applicatieontwikkeling in Python;1 E;641749;Bruynseels;Tom
Z60109;Applicatieontwikkeling in Java;1 E;641749;Bruynseels;Tom
Z60116;Data-analyse met SQL;1 E;641749;Bruynseels;Tom
Z60117;Webdesign basis;1 E;641749;Bruynseels;Tom
Z60118;Webdesign met HTML 5;1 E;641749;Bruynseels;Tom
Z60105;Applicatieontwikkeling in Python;1 D;649133;Smeyers;Peter
Z60109;Applicatieontwikkeling in Java;1 D;649133;Smeyers;Peter
Z60116;Data-analyse met SQL;1 D;649133;Smeyers;Peter
Z60117;Webdesign basis;1 D;649133;Smeyers;Peter
Z60118;Webdesign met HTML 5;1 D;649133;Smeyers;Peter
Z60109;Applicatieontwikkeling in Java;1 C;652803;Verwimp;Pascal
Z60116;Data-analyse met SQL;1 C;652803;Verwimp;Pascal
Z60117;Webdesign basis;1 C;652803;Verwimp;Pascal
Z60118;Webdesign met HTML 5;1 C;652803;Verwimp;Pascal
Z60105;Applicatieontwikkeling in Python;1 A;657135;Vroemans;Adriaan
Z60109;Applicatieontwikkeling in Java;1 D;657135;Vroemans;Adriaan
Z60116;Data-analyse met SQL;1 A;657135;Vroemans;Adriaan
Z60117;Webdesign basis;1 G;657135;Vroemans;Adriaan
Z60118;Webdesign met HTML 5;1 A;657135;Vroemans;Adriaan
Z60105;Applicatieontwikkeling in Python;1 H;659683;Peeters;Hendrik
Z60109;Applicatieontwikkeling in Java;1 H;659683;Peeters;Hendrik
Z60116;Data-analyse met SQL;1 H;659683;Peeters;Hendrik
Z60117;Webdesign basis;1 H;659683;Peeters;Hendrik
Z60118;Webdesign met HTML 5;1 H;659683;Peeters;Hendrik
